pseudogroup,IGKV1-33,IGKV3-20,IGKV1-5,IGKV3-15,IGLV2-14,IGLV2-23,IGLV2-11,Other
1.0,0.11764705882352941,0.29411764705882354,0.17647058823529413,0.23529411764705882,0,0.11764705882352941,0,0.058823529411764705
2.0,0.34375,0.28125,0.1875,0.09375,0,0.0625,0,0.03125
3.0,0.14285714285714285,0.42857142857142855,0.19047619047619047,0.19047619047619047,0,,0,0.047619047619047616
4.0,0.3684210526315789,0.21052631578947367,0.05263157894736842,0.3157894736842105,0,,0,0.05263157894736842
5.0,0.2727272727272727,0.18181818181818182,0.22727272727272727,0.22727272727272727,0,,0,0.09090909090909091
6.0,0.3125,0.4375,0.1875,0.0625,0,,0,
