trial,percentage_responders
G001,0.9722222222222222
G002,0.9423076923076923
G003,0.9444444444444444
