trial,percentage_responders
G001,0.9714285714285714
G002,0.9423076923076923
G003,0.8333333333333334
